dataset,n,R,metodo,tiempo
fullRandom,28,2097,FB,1341.81
fullRandom,18,3757,FB,1.6038
fullRandom,13,4254,FB,0.0386
fullRandom,21,4253,FB,11.1918
fullRandom,28,4926,FB,1375.93
fullRandom,28,2766,FB,1482.5
uniforme,1,2422,FB,0.0018
uniforme,1,746,FB,0.0015
uniforme,1,4148,FB,0.0015
uniforme,2,4210,FB,0.0011
uniforme,2,1979,FB,0.0013
uniforme,2,1879,FB,0.0017
uniforme,3,4788,FB,0.0012
uniforme,3,1744,FB,0.0014
uniforme,3,3781,FB,0.0012
uniforme,4,1148,FB,0.0015
uniforme,4,3504,FB,0.0012
uniforme,4,1510,FB,0.0012
uniforme,5,3320,FB,0.0013
uniforme,5,4635,FB,0.0014
uniforme,5,754,FB,0.0023
uniforme,6,1198,FB,0.0016
uniforme,6,245,FB,0.0016
uniforme,6,4585,FB,0.0015
uniforme,7,778,FB,0.0024
uniforme,7,3926,FB,0.0024
uniforme,7,2445,FB,0.002
uniforme,8,3841,FB,0.0025
uniforme,8,3713,FB,0.0029
uniforme,8,3372,FB,0.0031
uniforme,9,2323,FB,0.0038
uniforme,9,4547,FB,0.0043
uniforme,9,4571,FB,0.0044
uniforme,10,3481,FB,0.0078
uniforme,10,4287,FB,0.006
uniforme,10,3434,FB,0.0062
uniforme,11,3274,FB,0.0204
uniforme,11,4488,FB,0.0107
uniforme,11,3404,FB,0.0112
uniforme,12,1971,FB,0.0199
uniforme,12,4841,FB,0.025
uniforme,12,435,FB,0.02
uniforme,13,4502,FB,0.0653
uniforme,13,644,FB,0.0388
uniforme,13,3839,FB,0.0384
uniforme,14,2213,FB,0.0882
uniforme,14,1513,FB,0.0754
uniforme,14,2138,FB,0.0933
uniforme,15,2250,FB,0.1491
uniforme,15,3589,FB,0.15
uniforme,15,1599,FB,0.1761
uniforme,16,19,FB,0.3431
uniforme,16,3677,FB,0.3313
uniforme,16,4777,FB,0.2873
uniforme,17,2063,FB,0.8846
uniforme,17,171,FB,0.7272
uniforme,17,1747,FB,0.6839
uniforme,18,2267,FB,1.3052
uniforme,18,1527,FB,1.2164
uniforme,18,1822,FB,1.4552
uniforme,19,198,FB,2.5634
uniforme,19,3475,FB,2.6132
uniforme,19,3207,FB,2.5265
uniforme,20,4736,FB,5.0356
uniforme,20,4628,FB,5.1919
uniforme,20,4082,FB,5.1267
uniforme,21,1236,FB,10.6037
uniforme,21,4029,FB,10.7749
uniforme,21,4291,FB,10.4961
uniforme,22,4139,FB,22.3434
uniforme,22,2216,FB,20.6638
uniforme,22,377,FB,20.6679
uniforme,23,4336,FB,41.9913
uniforme,23,2887,FB,41.7764
uniforme,23,491,FB,42.1549
uniforme,24,4477,FB,83.192
uniforme,24,260,FB,83.1465
uniforme,24,3894,FB,83.1392
uniforme,25,4783,FB,165.131
uniforme,25,494,FB,223.978
uniforme,25,3128,FB,219.159
uniforme,26,4285,FB,398.623
uniforme,26,4408,FB,345.697
uniforme,26,1399,FB,338.323
uniforme,27,3778,FB,682.346
uniforme,27,395,FB,678.807
uniforme,27,1634,FB,660.498
uniforme,28,4034,FB,1313.56
uniforme,28,1170,FB,1302.34
uniforme,28,3478,FB,1361.24
uniforme,29,3129,FB,2589.65
uniforme,29,2815,FB,2599.01
uniforme,29,2941,FB,2582.38
fullRandom,28,2097,BT,1283.62
fullRandom,18,3757,BT,1.2646
fullRandom,13,4254,BT,0.0401
fullRandom,21,4253,BT,10.2273
fullRandom,28,4926,BT,1286.37
fullRandom,28,2766,BT,1282.47
uniforme,1,2422,BT,0.0015
uniforme,1,746,BT,0.0015
uniforme,1,4148,BT,0.0011
uniforme,2,4210,BT,0.0023
uniforme,2,1979,BT,0.0018
uniforme,2,1879,BT,0.0026
uniforme,3,4788,BT,0.0013
uniforme,3,1744,BT,0.0014
uniforme,3,3781,BT,0.0017
uniforme,4,1148,BT,0.0015
uniforme,4,3504,BT,0.0015
uniforme,4,1510,BT,0.0015
uniforme,5,3320,BT,0.0015
uniforme,5,4635,BT,0.0018
uniforme,5,754,BT,0.0018
uniforme,6,1198,BT,0.0018
uniforme,6,245,BT,0.0019
uniforme,6,4585,BT,0.0017
uniforme,7,778,BT,0.0022
uniforme,7,3926,BT,0.0021
uniforme,7,2445,BT,0.0032
uniforme,8,3841,BT,0.0026
uniforme,8,3713,BT,0.0026
uniforme,8,3372,BT,0.0025
uniforme,9,2323,BT,0.004
uniforme,9,4547,BT,0.0039
uniforme,9,4571,BT,0.004
uniforme,10,3481,BT,0.0061
uniforme,10,4287,BT,0.006
uniforme,10,3434,BT,0.0094
uniforme,11,3274,BT,0.0106
uniforme,11,4488,BT,0.0108
uniforme,11,3404,BT,0.0107
uniforme,12,1971,BT,0.02
uniforme,12,4841,BT,0.0201
uniforme,12,435,BT,0.02
uniforme,13,4502,BT,0.0387
uniforme,13,644,BT,0.0373
uniforme,13,3839,BT,0.0472
uniforme,14,2213,BT,0.0761
uniforme,14,1513,BT,0.0767
uniforme,14,2138,BT,0.1101
uniforme,15,2250,BT,0.1487
uniforme,15,3589,BT,0.1889
uniforme,15,1599,BT,0.1487
uniforme,16,19,BT,0.31
uniforme,16,3677,BT,0.2983
uniforme,16,4777,BT,0.2965
uniforme,17,2063,BT,0.6154
uniforme,17,171,BT,0.6213
uniforme,17,1747,BT,0.6233
uniforme,18,2267,BT,1.3362
uniforme,18,1527,BT,1.2221
uniforme,18,1822,BT,1.29
uniforme,19,198,BT,2.5893
uniforme,19,3475,BT,2.6385
uniforme,19,3207,BT,2.5093
uniforme,20,4736,BT,5.0048
uniforme,20,4628,BT,5.528
uniforme,20,4082,BT,5.295
uniforme,21,1236,BT,11.6716
uniforme,21,4029,BT,10.8
uniforme,21,4291,BT,10.659
uniforme,22,4139,BT,20.1673
uniforme,22,2216,BT,21.0913
uniforme,22,377,BT,19.8775
uniforme,23,4336,BT,42.8327
uniforme,23,2887,BT,40.3725
uniforme,23,491,BT,40.7196
uniforme,24,4477,BT,82.2643
uniforme,24,260,BT,82.3762
uniforme,24,3894,BT,80.7876
uniforme,25,4783,BT,161.659
uniforme,25,494,BT,164.05
uniforme,25,3128,BT,161.321
uniforme,26,4285,BT,325.36
uniforme,26,4408,BT,321.616
uniforme,26,1399,BT,325.636
uniforme,27,3778,BT,644.906
uniforme,27,395,BT,638.078
uniforme,27,1634,BT,643.217
uniforme,28,4034,BT,1316.12
uniforme,28,1170,BT,1352.62
uniforme,28,3478,BT,1298.09
uniforme,29,3129,BT,2753.52
uniforme,29,2815,BT,2832.24
uniforme,29,2941,BT,2899.86
fullRandom,28,2097,BT-O,1315.12
fullRandom,18,3757,BT-O,1.227
fullRandom,13,4254,BT-O,0.0406
fullRandom,21,4253,BT-O,10.922
fullRandom,28,4926,BT-O,1396.55
fullRandom,28,2766,BT-O,1353.66
uniforme,1,2422,BT-O,0.0015
uniforme,1,746,BT-O,0.0012
uniforme,1,4148,BT-O,0.0019
uniforme,2,4210,BT-O,0.0014
uniforme,2,1979,BT-O,0.0014
uniforme,2,1879,BT-O,0.0027
uniforme,3,4788,BT-O,0.0018
uniforme,3,1744,BT-O,0.0041
uniforme,3,3781,BT-O,0.0016
uniforme,4,1148,BT-O,0.0021
uniforme,4,3504,BT-O,0.0023
uniforme,4,1510,BT-O,0.002
uniforme,5,3320,BT-O,0.0039
uniforme,5,4635,BT-O,0.0016
uniforme,5,754,BT-O,0.0018
uniforme,6,1198,BT-O,0.0022
uniforme,6,245,BT-O,0.0044
uniforme,6,4585,BT-O,0.0038
uniforme,7,778,BT-O,0.0076
uniforme,7,3926,BT-O,0.0029
uniforme,7,2445,BT-O,0.0056
uniforme,8,3841,BT-O,0.0061
uniforme,8,3713,BT-O,0.0041
uniforme,8,3372,BT-O,0.0038
uniforme,9,2323,BT-O,0.004
uniforme,9,4547,BT-O,0.0043
uniforme,9,4571,BT-O,0.0039
uniforme,10,3481,BT-O,0.0062
uniforme,10,4287,BT-O,0.0071
uniforme,10,3434,BT-O,0.0072
uniforme,11,3274,BT-O,0.0107
uniforme,11,4488,BT-O,0.0112
uniforme,11,3404,BT-O,0.0109
uniforme,12,1971,BT-O,0.0251
uniforme,12,4841,BT-O,0.02
uniforme,12,435,BT-O,0.0276
uniforme,13,4502,BT-O,0.0449
uniforme,13,644,BT-O,0.0375
uniforme,13,3839,BT-O,0.0373
uniforme,14,2213,BT-O,0.0754
uniforme,14,1513,BT-O,0.0883
uniforme,14,2138,BT-O,0.0753
uniforme,15,2250,BT-O,0.1592
uniforme,15,3589,BT-O,0.1487
uniforme,15,1599,BT-O,0.2152
uniforme,16,19,BT-O,0.4837
uniforme,16,3677,BT-O,0.4676
uniforme,16,4777,BT-O,0.2958
uniforme,17,2063,BT-O,0.5968
uniforme,17,171,BT-O,0.6384
uniforme,17,1747,BT-O,0.604
uniforme,18,2267,BT-O,1.2368
uniforme,18,1527,BT-O,1.3041
uniforme,18,1822,BT-O,1.3579
uniforme,19,198,BT-O,2.4607
uniforme,19,3475,BT-O,3.3891
uniforme,19,3207,BT-O,3.0829
uniforme,20,4736,BT-O,7.1423
uniforme,20,4628,BT-O,4.8636
uniforme,20,4082,BT-O,4.9111
uniforme,21,1236,BT-O,12.3529
uniforme,21,4029,BT-O,11.1641
uniforme,21,4291,BT-O,11.5622
uniforme,22,4139,BT-O,23.0334
uniforme,22,2216,BT-O,20.2676
uniforme,22,377,BT-O,20.7522
uniforme,23,4336,BT-O,42.429
uniforme,23,2887,BT-O,41.2464
uniforme,23,491,BT-O,44.7827
uniforme,24,4477,BT-O,83.5375
uniforme,24,260,BT-O,82.641
uniforme,24,3894,BT-O,85.1236
uniforme,25,4783,BT-O,168.144
uniforme,25,494,BT-O,187.292
uniforme,25,3128,BT-O,192.472
uniforme,26,4285,BT-O,360.446
uniforme,26,4408,BT-O,378.516
uniforme,26,1399,BT-O,369.505
uniforme,27,3778,BT-O,744.298
uniforme,27,395,BT-O,740.368
uniforme,27,1634,BT-O,751.788
uniforme,28,4034,BT-O,1598.74
uniforme,28,1170,BT-O,1367.81
uniforme,28,3478,BT-O,1469.62
uniforme,29,3129,BT-O,3050.07
uniforme,29,2815,BT-O,2816.08
uniforme,29,2941,BT-O,3037.55
fullRandom,28,2097,BT-F,1508.45
fullRandom,18,3757,BT-F,1.2337
fullRandom,13,4254,BT-F,0.0375
fullRandom,21,4253,BT-F,10.6958
fullRandom,28,4926,BT-F,1432.61
fullRandom,28,2766,BT-F,1565.25
uniforme,1,2422,BT-F,0.0019
uniforme,1,746,BT-F,0.0019
uniforme,1,4148,BT-F,0.0024
uniforme,2,4210,BT-F,0.0019
uniforme,2,1979,BT-F,0.0019
uniforme,2,1879,BT-F,0.0023
uniforme,3,4788,BT-F,0.0067
uniforme,3,1744,BT-F,0.0036
uniforme,3,3781,BT-F,0.0035
uniforme,4,1148,BT-F,0.0066
uniforme,4,3504,BT-F,0.0029
uniforme,4,1510,BT-F,0.0046
uniforme,5,3320,BT-F,0.0036
uniforme,5,4635,BT-F,0.0032
uniforme,5,754,BT-F,0.0033
uniforme,6,1198,BT-F,0.0031
uniforme,6,245,BT-F,0.0051
uniforme,6,4585,BT-F,0.0031
uniforme,7,778,BT-F,0.0056
uniforme,7,3926,BT-F,0.0023
uniforme,7,2445,BT-F,0.0046
uniforme,8,3841,BT-F,0.0038
uniforme,8,3713,BT-F,0.0075
uniforme,8,3372,BT-F,0.0028
uniforme,9,2323,BT-F,0.0088
uniforme,9,4547,BT-F,0.0072
uniforme,9,4571,BT-F,0.0073
uniforme,10,3481,BT-F,0.0109
uniforme,10,4287,BT-F,0.0086
uniforme,10,3434,BT-F,0.007
uniforme,11,3274,BT-F,0.0181
uniforme,11,4488,BT-F,0.0205
uniforme,11,3404,BT-F,0.0199
uniforme,12,1971,BT-F,0.0305
uniforme,12,4841,BT-F,0.0316
uniforme,12,435,BT-F,0.0306
uniforme,13,4502,BT-F,0.0522
uniforme,13,644,BT-F,0.0564
uniforme,13,3839,BT-F,0.109
uniforme,14,2213,BT-F,0.128
uniforme,14,1513,BT-F,0.0976
uniforme,14,2138,BT-F,0.1179
uniforme,15,2250,BT-F,0.1992
uniforme,15,3589,BT-F,0.1495
uniforme,15,1599,BT-F,0.1877
uniforme,16,19,BT-F,0.3392
uniforme,16,3677,BT-F,0.4159
uniforme,16,4777,BT-F,0.4349
uniforme,17,2063,BT-F,0.9088
uniforme,17,171,BT-F,1.186
uniforme,17,1747,BT-F,0.6032
uniforme,18,2267,BT-F,1.2531
uniforme,18,1527,BT-F,1.2324
uniforme,18,1822,BT-F,1.8444
uniforme,19,198,BT-F,3.4178
uniforme,19,3475,BT-F,6.7358
uniforme,19,3207,BT-F,5.001
uniforme,20,4736,BT-F,7.4733
uniforme,20,4628,BT-F,7.9384
uniforme,20,4082,BT-F,6.9306
uniforme,21,1236,BT-F,13.5758
uniforme,21,4029,BT-F,22.8285
uniforme,21,4291,BT-F,26.3216
uniforme,22,4139,BT-F,58.1888
uniforme,22,2216,BT-F,47.5933
uniforme,22,377,BT-F,36.1621
uniforme,23,4336,BT-F,75.2534
uniforme,23,2887,BT-F,57.5911
uniforme,23,491,BT-F,60.4706
uniforme,24,4477,BT-F,123.566
uniforme,24,260,BT-F,122.733
uniforme,24,3894,BT-F,126.471
uniforme,25,4783,BT-F,205.184
uniforme,25,494,BT-F,213.627
uniforme,25,3128,BT-F,206.517
uniforme,26,4285,BT-F,410.13
uniforme,26,4408,BT-F,391.841
uniforme,26,1399,BT-F,388.168
uniforme,27,3778,BT-F,814.427
uniforme,27,395,BT-F,762.617
uniforme,27,1634,BT-F,709.118
uniforme,28,4034,BT-F,1472.1
uniforme,28,1170,BT-F,1666.06
uniforme,28,3478,BT-F,1439.65
uniforme,29,3129,BT-F,2737.07
uniforme,29,2815,BT-F,2869.58
uniforme,29,2941,BT-F,2830.27
fullRandom,907,4399,DP,53.4946
fullRandom,4704,4099,DP,429.86
fullRandom,3829,69,DP,1.7287
fullRandom,3710,1550,DP,80.2782
fullRandom,4903,223,DP,10.7925
fullRandom,1781,556,DP,10.4389
fullRandom,4811,1007,DP,53.5046
fullRandom,1358,4545,DP,128.823
fullRandom,2741,26,DP,0.5917
fullRandom,1606,4865,DP,127.599
fullRandom,4209,2696,DP,197.793
fullRandom,989,2933,DP,45.5115
fullRandom,3384,1104,DP,51.6242
fullRandom,1485,953,DP,17.1334
fullRandom,2918,4581,DP,244.888
fullRandom,3997,3428,DP,246.477
fullRandom,798,2031,DP,16.7082
fullRandom,2294,1056,DP,25.2507
fullRandom,695,1920,DP,14.773
fullRandom,4012,2714,DP,162.567
fullRandom,4487,2466,DP,174.334
fullRandom,2923,2330,DP,111.066
fullRandom,28,2097,DP,0.1558
fullRandom,31,515,DP,0.0419
fullRandom,4324,1612,DP,98.7971
fullRandom,1786,4783,DP,168.212
fullRandom,2807,4065,DP,287.303
fullRandom,3884,2634,DP,180.99
fullRandom,2732,417,DP,9.3623
fullRandom,1902,1633,DP,47.421
fullRandom,673,3858,DP,36.7362
fullRandom,3432,4455,DP,314.198
fullRandom,4736,1903,DP,117.316
fullRandom,657,104,DP,0.4508
fullRandom,3868,3829,DP,284.208
fullRandom,3073,2430,DP,111.361
fullRandom,4194,732,DP,48.0279
fullRandom,3398,828,DP,33.6209
fullRandom,3078,2272,DP,108.05
fullRandom,2874,4604,DP,260.64
fullRandom,1133,1381,DP,16.4081
fullRandom,674,4760,DP,38.2723
fullRandom,1853,3102,DP,92.4876
fullRandom,2439,3051,DP,142.665
fullRandom,1275,1466,DP,19.6228
fullRandom,1834,3715,DP,105.502
fullRandom,163,1109,DP,0.5316
fullRandom,753,2714,DP,25.565
fullRandom,2486,3842,DP,202.25
fullRandom,790,3292,DP,31.1209
fullRandom,3879,1676,DP,83.0237
fullRandom,1266,4375,DP,99.8729
fullRandom,2439,4782,DP,247.34
fullRandom,848,4393,DP,62.1255
fullRandom,2893,2780,DP,144.376
fullRandom,2487,174,DP,3.4342
fullRandom,4138,1268,DP,82.0005
fullRandom,876,4667,DP,68.3962
fullRandom,755,2638,DP,35.9399
fullRandom,4442,3513,DP,319.19
fullRandom,2114,569,DP,11.0822
fullRandom,3388,2594,DP,149.727
fullRandom,226,366,DP,0.1418
fullRandom,734,1133,DP,14.5238
fullRandom,3696,3018,DP,313.123
fullRandom,461,4736,DP,41.4916
fullRandom,3363,2786,DP,165.638
fullRandom,1813,511,DP,7.8554
fullRandom,4004,4362,DP,387.706
fullRandom,1279,3020,DP,57.7957
fullRandom,2218,2200,DP,81.3509
fullRandom,3367,955,DP,49.5177
fullRandom,97,2588,DP,1.7277
fullRandom,3011,4716,DP,434.947
fullRandom,2466,3445,DP,152.448
fullRandom,1197,3494,DP,123.926
fullRandom,2063,1493,DP,60.5639
fullRandom,3231,2529,DP,134.013
fullRandom,1086,2328,DP,30.2005
fullRandom,3021,39,DP,1.439
fullRandom,2028,1531,DP,44.0969
fullRandom,18,3757,DP,0.1151
fullRandom,1664,3049,DP,94.2068
fullRandom,3549,1408,DP,59.8782
fullRandom,3388,1551,DP,92.2553
fullRandom,4962,4510,DP,484.265
fullRandom,1038,742,DP,8.4488
fullRandom,3762,1780,DP,84.9328
fullRandom,2927,1631,DP,61.2763
fullRandom,3343,4102,DP,257.006
fullRandom,213,249,DP,0.0997
fullRandom,3797,2469,DP,157.058
fullRandom,4870,3985,DP,556.616
fullRandom,2683,1203,DP,43.0568
fullRandom,4412,996,DP,47.4124
fullRandom,4340,2555,DP,309.07
fullRandom,137,3486,DP,2.3397
fullRandom,922,3240,DP,42.8758
fullRandom,981,979,DP,8.6082
fullRandom,1791,2991,DP,94.8139
fullRandom,693,4727,DP,40.3494
fullRandom,4503,1041,DP,51.8512
fullRandom,4852,852,DP,49.3555
fullRandom,1174,935,DP,8.7585
fullRandom,1614,4482,DP,112.794
fullRandom,4882,3191,DP,234.446
fullRandom,1982,4159,DP,125.938
fullRandom,1786,2739,DP,65.3523
fullRandom,846,3933,DP,39.3498
fullRandom,3353,2411,DP,109.424
fullRandom,1302,3795,DP,74.2405
fullRandom,1354,3003,DP,53.3747
fullRandom,39,3938,DP,0.2419
fullRandom,4374,3650,DP,266.657
fullRandom,4884,648,DP,37.6851
fullRandom,4348,1373,DP,77.3665
fullRandom,399,4290,DP,25.7252
fullRandom,3420,477,DP,16.3507
fullRandom,660,89,DP,0.2208
fullRandom,1401,222,DP,1.866
fullRandom,1670,57,DP,1.0887
fullRandom,1610,1640,DP,33.0207
fullRandom,3395,1715,DP,70.5289
fullRandom,4447,2018,DP,122.911
fullRandom,1639,3293,DP,76.0115
fullRandom,2933,2779,DP,115.521
fullRandom,2947,4540,DP,230.3
fullRandom,3603,4366,DP,306.957
fullRandom,4070,540,DP,21.0227
fullRandom,2455,359,DP,6.3805
fullRandom,953,631,DP,4.9821
fullRandom,907,4291,DP,70.6544
fullRandom,3240,761,DP,32.6697
fullRandom,4034,1209,DP,86.8901
fullRandom,1419,82,DP,1.3308
fullRandom,529,3995,DP,34.3138
fullRandom,4755,1165,DP,93.2073
fullRandom,133,580,DP,0.1228
fullRandom,4593,792,DP,40.2399
fullRandom,905,110,DP,0.439
fullRandom,2393,4649,DP,196.506
fullRandom,979,3591,DP,54.0885
fullRandom,3110,2831,DP,126.044
fullRandom,2596,1825,DP,55.974
fullRandom,657,381,DP,1.6702
fullRandom,1790,1530,DP,42.3268
fullRandom,2059,4398,DP,151.736
fullRandom,294,2532,DP,6.4513
fullRandom,1308,1372,DP,17.8433
fullRandom,4834,4081,DP,434.912
fullRandom,581,2707,DP,19.2522
fullRandom,4630,1723,DP,110.418
fullRandom,1317,328,DP,3.1421
fullRandom,3431,2160,DP,107.237
fullRandom,4656,343,DP,13.8096
fullRandom,2303,4916,DP,192.525
fullRandom,2658,88,DP,1.7184
fullRandom,1941,553,DP,10.7912
fullRandom,1097,1878,DP,32.6548
fullRandom,3269,2496,DP,111.619
fullRandom,620,3014,DP,20.2374
fullRandom,3026,2064,DP,92.8878
fullRandom,115,1538,DP,0.3932
fullRandom,4300,4500,DP,473.767
fullRandom,2344,1516,DP,38.014
fullRandom,993,939,DP,7.0074
fullRandom,2899,2878,DP,155.072
fullRandom,3861,4923,DP,434.597
fullRandom,477,1167,DP,3.1695
fullRandom,4889,2436,DP,172.331
fullRandom,2299,2686,DP,81.5604
fullRandom,4215,2025,DP,117.505
fullRandom,3128,3090,DP,134.217
fullRandom,420,3402,DP,14.8425
fullRandom,3250,3106,DP,156.951
fullRandom,33,695,DP,0.0364
fullRandom,3853,2849,DP,164.517
fullRandom,3332,791,DP,24.3393
fullRandom,2354,401,DP,7.7124
fullRandom,1950,4661,DP,149.47
fullRandom,3472,67,DP,1.8624
fullRandom,926,4364,DP,52.9448
fullRandom,3538,538,DP,18.5791
fullRandom,3200,3469,DP,176.654
fullRandom,3099,4966,DP,280.911
fullRandom,2644,2970,DP,106.226
fullRandom,4688,4765,DP,433.827
fullRandom,3252,2113,DP,96.4859
fullRandom,2810,2739,DP,109.799
fullRandom,2460,2994,DP,105.037
fullRandom,3343,1297,DP,48.2956
fullRandom,4014,4428,DP,321.293
fullRandom,3068,3587,DP,178.262
fullRandom,2544,1450,DP,51.5463
fullRandom,1267,3532,DP,98.9898
fullRandom,2908,648,DP,38.4784
fullRandom,1352,1698,DP,39.7534
fullRandom,1752,695,DP,10.2468
fullRandom,2829,1073,DP,36.4142
fullRandom,1938,3147,DP,108.366
fullRandom,4137,435,DP,21.3608
fullRandom,812,1106,DP,7.0903
fullRandom,3830,1156,DP,53.456
fullRandom,162,3589,DP,3.9917
fullRandom,3727,3219,DP,190.867
fullRandom,2233,2302,DP,71.3275
fullRandom,4238,4713,DP,449.432
fullRandom,783,348,DP,2.2134
fullRandom,3031,1666,DP,81.6443
fullRandom,3297,3178,DP,184.56
fullRandom,2216,3786,DP,143.564
fullRandom,3663,3897,DP,262.043
fullRandom,785,3279,DP,32.7354
fullRandom,798,4897,DP,47.484
fullRandom,405,2647,DP,10.2583
fullRandom,3897,4261,DP,301.144
fullRandom,2999,4467,DP,242.055
fullRandom,1228,207,DP,1.9734
fullRandom,1325,4691,DP,92.5226
fullRandom,2401,3274,DP,138.901
fullRandom,1330,624,DP,21.046
fullRandom,4950,3340,DP,379.744
fullRandom,4178,218,DP,9.1128
fullRandom,2682,4176,DP,217.729
fullRandom,436,1840,DP,6.7088
fullRandom,957,3309,DP,48.9414
fullRandom,3054,2163,DP,87.5252
fullRandom,849,2263,DP,25.1361
fullRandom,2859,3113,DP,146.352
fullRandom,1318,1825,DP,26.0675
fullRandom,2244,2393,DP,71.1734
fullRandom,3375,3440,DP,228.391
fullRandom,1213,3315,DP,72.0007
fullRandom,4146,123,DP,4.7655
fullRandom,4557,409,DP,19.5251
fullRandom,2429,1543,DP,47.5295
fullRandom,90,3356,DP,1.2296
fullRandom,4125,537,DP,44.3389
fullRandom,311,1391,DP,2.076
fullRandom,899,811,DP,5.4589
fullRandom,355,3245,DP,11.0949
fullRandom,4697,3303,DP,268.52
fullRandom,2325,532,DP,10.7241
fullRandom,3582,4234,DP,279.909
fullRandom,4734,659,DP,42.465
fullRandom,2128,2539,DP,75.3566
fullRandom,3190,1202,DP,50.8726
fullRandom,1977,3364,DP,108.492
fullRandom,55,4402,DP,0.799
fullRandom,864,3201,DP,47.4754
fullRandom,783,291,DP,1.4463
fullRandom,2551,1353,DP,39.9084
fullRandom,470,2419,DP,9.2534
fullRandom,594,433,DP,1.5142
fullRandom,4987,616,DP,33.9837
fullRandom,1684,632,DP,10.4433
fullRandom,3404,3062,DP,174.731
fullRandom,4635,312,DP,18.6393
fullRandom,220,2499,DP,5.4089
fullRandom,1999,4835,DP,188.599
fullRandom,4676,115,DP,4.5746
fullRandom,2914,921,DP,27.8151
fullRandom,1733,2459,DP,59.7868
fullRandom,4667,2748,DP,213.282
fullRandom,4689,2708,DP,221.202
fullRandom,816,4702,DP,51.8585
fullRandom,927,1132,DP,9.5668
fullRandom,4667,2871,DP,259.844
fullRandom,104,3666,DP,1.3309
fullRandom,892,3785,DP,53.5615
fullRandom,184,2039,DP,2.3051
fullRandom,2533,4980,DP,293.077
fullRandom,629,2297,DP,12.0296
fullRandom,396,862,DP,3.2747
fullRandom,1348,972,DP,12.8406
fullRandom,3150,3793,DP,218.024
fullRandom,166,3800,DP,5.8393
fullRandom,2700,3833,DP,223.004
fullRandom,609,897,DP,4.1182
fullRandom,1985,2669,DP,95.692
fullRandom,3849,3138,DP,226.501
fullRandom,1658,799,DP,12.3287
fullRandom,2940,524,DP,15.2983
fullRandom,178,2338,DP,2.7203
fullRandom,3600,2517,DP,124.959
fullRandom,3118,3139,DP,149.906
fullRandom,4113,1075,DP,47.6554
fullRandom,1169,881,DP,9.3103
fullRandom,2094,176,DP,3.1968
fullRandom,3515,1056,DP,56.6252
fullRandom,1150,1374,DP,24.8857
fullRandom,934,1236,DP,10.6245
fullRandom,1891,543,DP,10.3368
fullRandom,4510,4039,DP,362.899
fullRandom,1728,2058,DP,45.73
fullRandom,2505,2280,DP,93.3819
fullRandom,2764,2248,DP,109.961
fullRandom,2823,2497,DP,116.46
fullRandom,4085,437,DP,20.5574
fullRandom,852,1046,DP,8.0163
fullRandom,615,3757,DP,36.9277
fullRandom,1807,4446,DP,161.855
fullRandom,4782,1736,DP,136.97
fullRandom,1564,806,DP,12.9286
fullRandom,2692,868,DP,23.3703
fullRandom,1764,2789,DP,74.3986
fullRandom,2749,4674,DP,296.095
fullRandom,2953,3202,DP,192.357
fullRandom,3553,10,DP,0.591
fullRandom,2867,3534,DP,230.333
fullRandom,1643,183,DP,2.7047
fullRandom,1352,3356,DP,86.8735
fullRandom,3140,4130,DP,257.546
fullRandom,99,2708,DP,1.6133
fullRandom,4888,740,DP,40.7582
fullRandom,1099,2350,DP,33.6047
fullRandom,1099,1632,DP,30.5295
fullRandom,3868,781,DP,34.1106
fullRandom,4286,91,DP,3.5736
fullRandom,4687,75,DP,2.9241
fullRandom,741,922,DP,6.133
fullRandom,909,569,DP,5.665
fullRandom,4463,1701,DP,126.96
fullRandom,1412,1349,DP,20.5314
fullRandom,2341,213,DP,3.4087
fullRandom,4582,312,DP,14.9745
fullRandom,4106,2496,DP,206.501
fullRandom,3249,3590,DP,205.861
fullRandom,4473,2237,DP,148.741
fullRandom,4687,4946,DP,508.921
fullRandom,4137,1556,DP,82.9876
fullRandom,3388,2467,DP,122.872
fullRandom,3091,1633,DP,64.4777
fullRandom,3974,2266,DP,130.202
fullRandom,61,4930,DP,0.7301
fullRandom,13,4254,DP,0.0978
fullRandom,818,4080,DP,50.3572
fullRandom,3754,2410,DP,134.504
fullRandom,1443,524,DP,6.5021
fullRandom,2738,1101,DP,34.3039
fullRandom,2754,4201,DP,201.302
fullRandom,3930,1266,DP,55.9547
fullRandom,2186,1609,DP,38.5807
fullRandom,2467,2765,DP,94.5215
fullRandom,1062,2086,DP,26.4179
fullRandom,2902,1278,DP,42.5532
fullRandom,4633,1533,DP,99.6776
fullRandom,3963,2262,DP,130.275
fullRandom,2578,718,DP,18.7873
fullRandom,191,625,DP,0.4068
fullRandom,882,1133,DP,8.0327
fullRandom,4510,919,DP,49.2444
fullRandom,4050,3235,DP,206.753
fullRandom,4898,1408,DP,82.3456
fullRandom,2702,1117,DP,32.0838
fullRandom,2799,4338,DP,236.967
fullRandom,21,4253,DP,0.1602
fullRandom,2715,2251,DP,87.3257
fullRandom,4266,3054,DP,214.555
fullRandom,4868,1460,DP,95.4287
fullRandom,856,4039,DP,48.3849
fullRandom,4508,54,DP,2.1262
fullRandom,2327,2581,DP,94.7475
fullRandom,4081,4277,DP,326.88
fullRandom,4289,4093,DP,390.13
fullRandom,953,4322,DP,63.5383
fullRandom,4330,4853,DP,417.853
fullRandom,116,2569,DP,1.2719
fullRandom,3530,2193,DP,111.587
fullRandom,3932,381,DP,13.8753
fullRandom,2863,1299,DP,45.9656
fullRandom,3820,3468,DP,233.742
fullRandom,4451,104,DP,3.8843
fullRandom,2280,2987,DP,98.3419
fullRandom,2509,3662,DP,150.807
fullRandom,2605,2640,DP,98.7405
fullRandom,2535,285,DP,8.1944
fullRandom,4662,499,DP,24.7796
fullRandom,4077,3785,DP,291.599
fullRandom,4323,3305,DP,239.142
fullRandom,1018,760,DP,6.7844
fullRandom,2258,4108,DP,159.589
fullRandom,1972,1247,DP,31.2765
fullRandom,441,1899,DP,7.0203
fullRandom,2906,588,DP,15.8197
fullRandom,4280,1720,DP,97.0322
fullRandom,3710,4328,DP,325.429
fullRandom,4885,76,DP,3.2987
fullRandom,4522,2017,DP,133.114
fullRandom,191,4633,DP,6.4337
fullRandom,1004,456,DP,2.8018
fullRandom,3946,2840,DP,168.15
fullRandom,4616,3335,DP,268.601
fullRandom,3451,1983,DP,92.2633
fullRandom,2359,1089,DP,28.0554
fullRandom,2476,2339,DP,78.1988
fullRandom,4351,3342,DP,237.313
fullRandom,3101,3497,DP,174.37
fullRandom,4299,757,DP,36.0248
fullRandom,4877,1235,DP,73.9474
fullRandom,303,1956,DP,21.8369
fullRandom,3493,768,DP,45.2589
fullRandom,3574,13,DP,0.7588
fullRandom,459,1339,DP,4.0337
fullRandom,4725,2795,DP,388.911
fullRandom,3902,736,DP,33.8947
fullRandom,581,413,DP,1.4399
fullRandom,2372,4395,DP,382.545
fullRandom,2873,1217,DP,48.322
fullRandom,1980,3631,DP,171.561
fullRandom,1150,2976,DP,110.236
fullRandom,3190,1925,DP,180.383
fullRandom,2419,3754,DP,205.536
fullRandom,345,2655,DP,8.3288
fullRandom,2790,4804,DP,293.534
fullRandom,3923,4892,DP,472.184
fullRandom,2159,242,DP,3.9587
fullRandom,2851,183,DP,4.1539
fullRandom,756,1524,DP,13.2277
fullRandom,1072,1243,DP,12.2257
fullRandom,1909,3029,DP,120.713
fullRandom,1992,3195,DP,91.5121
fullRandom,2960,3321,DP,151.746
fullRandom,4552,3920,DP,363.886
fullRandom,3607,2887,DP,160.781
fullRandom,1095,3633,DP,57.5249
fullRandom,1801,223,DP,3.3914
fullRandom,3366,2093,DP,152.08
fullRandom,3291,3712,DP,337.619
fullRandom,4060,3398,DP,385.347
fullRandom,2419,2450,DP,104.492
fullRandom,1466,4297,DP,148.59
fullRandom,81,197,DP,0.0352
fullRandom,3326,3839,DP,371.035
fullRandom,1190,1489,DP,22.8519
fullRandom,3635,536,DP,19.8935
fullRandom,1930,2349,DP,69.0262
fullRandom,4457,784,DP,40.8434
fullRandom,4839,350,DP,16.5151
fullRandom,2725,1899,DP,72.5416
fullRandom,4832,4,DP,0.4011
fullRandom,2263,1230,DP,30.621
fullRandom,4575,681,DP,32.4207
fullRandom,709,3020,DP,25.0374
fullRandom,335,50,DP,0.0453
fullRandom,2538,667,DP,21.8405
fullRandom,4044,815,DP,39.2154
fullRandom,768,4166,DP,46.0609
fullRandom,361,739,DP,1.8016
fullRandom,1170,1042,DP,11.5941
fullRandom,369,4546,DP,17.0082
fullRandom,3224,237,DP,7.6024
fullRandom,4460,1598,DP,93.7719
fullRandom,142,1576,DP,0.7862
fullRandom,1394,812,DP,10.7456
fullRandom,610,16,DP,0.0529
fullRandom,3602,2352,DP,124.438
fullRandom,3352,427,DP,13.6227
fullRandom,885,1964,DP,19.5231
fullRandom,4354,146,DP,6.2285
fullRandom,3535,3984,DP,258.015
fullRandom,4007,254,DP,9.9977
fullRandom,4665,4007,DP,351.424
fullRandom,2765,3410,DP,153.207
fullRandom,1696,488,DP,6.7398
fullRandom,4790,2993,DP,224.594
fullRandom,1261,3599,DP,84.5992
fullRandom,4075,4784,DP,396.123
fullRandom,3009,4326,DP,244.487
fullRandom,4012,3079,DP,203.188
fullRandom,1741,462,DP,6.0409
fullRandom,1461,2029,DP,45.5627
fullRandom,100,3055,DP,1.73
fullRandom,4442,753,DP,37.0379
fullRandom,28,4926,DP,0.2693
fullRandom,2011,4437,DP,158.911
fullRandom,3309,4133,DP,256.22
fullRandom,1369,2740,DP,50.0941
fullRandom,493,3382,DP,18.0024
fullRandom,1264,1659,DP,25.2733
fullRandom,4145,2764,DP,180.305
fullRandom,2164,324,DP,6.0009
fullRandom,3361,1279,DP,55.6742
fullRandom,4626,4528,DP,417.416
fullRandom,2017,1162,DP,25.1286
fullRandom,4826,2009,DP,140.191
fullRandom,1147,610,DP,5.3547
fullRandom,1461,1172,DP,18.3374
fullRandom,1306,4523,DP,96.2743
fullRandom,921,3146,DP,34.5909
fullRandom,1682,1585,DP,36.5798
fullRandom,1059,3063,DP,45.1359
fullRandom,2326,752,DP,15.8573
fullRandom,327,4979,DP,16.3626
fullRandom,2315,3695,DP,139.178
fullRandom,4752,3011,DP,231.35
fullRandom,192,2493,DP,2.4188
fullRandom,3503,1051,DP,40.131
fullRandom,1759,4811,DP,145.145
fullRandom,3759,4595,DP,333.685
fullRandom,1941,2413,DP,64.3066
fullRandom,1553,167,DP,1.9159
fullRandom,1106,2729,DP,40.271
fullRandom,4613,2306,DP,191.584
fullRandom,3173,1566,DP,62.5343
fullRandom,2831,2153,DP,97.1319
fullRandom,3701,184,DP,5.6289
fullRandom,3247,4134,DP,280.484
fullRandom,3406,3996,DP,269.12
fullRandom,288,4154,DP,9.7116
fullRandom,1923,4887,DP,185.684
fullRandom,2128,289,DP,5.016
fullRandom,1598,3244,DP,79.692
fullRandom,2556,4340,DP,206.148
fullRandom,4107,2743,DP,168.54
fullRandom,3142,3695,DP,199.173
fullRandom,120,4050,DP,3.0158
fullRandom,432,1349,DP,5.027
fullRandom,797,1724,DP,14.6653
fullRandom,3105,2354,DP,109.558
fullRandom,911,2338,DP,22.8672
fullRandom,4646,592,DP,29.0078
fullRandom,3074,1433,DP,61.4412
fullRandom,205,2783,DP,3.7907
fullRandom,2392,519,DP,9.8022
fullRandom,2206,808,DP,17.1126
fullRandom,838,319,DP,1.9108
fullRandom,868,1445,DP,12.0324
fullRandom,4998,2769,DP,214.023
fullRandom,4617,1889,DP,113.907
fullRandom,4665,4054,DP,373.854
fullRandom,1495,4406,DP,105.82
fullRandom,3034,2761,DP,173.724
fullRandom,422,2543,DP,9.9
fullRandom,3266,392,DP,10.6412
fullRandom,2217,1076,DP,26.4844
fullRandom,942,2715,DP,38.1419
fullRandom,3411,4825,DP,349.105
fullRandom,908,3932,DP,103.035
fullRandom,1047,3156,DP,56.0699
fullRandom,639,3733,DP,30.0557
fullRandom,3162,1056,DP,47.5749
fullRandom,844,476,DP,2.5106
fullRandom,1737,3034,DP,87.4337
fullRandom,2241,1091,DP,24.9653
fullRandom,703,2061,DP,16.1779
fullRandom,1457,980,DP,19.6111
fullRandom,3774,875,DP,40.2866
fullRandom,2040,3116,DP,99.5551
fullRandom,450,1409,DP,6.1649
fullRandom,2167,4209,DP,171.357
fullRandom,2918,4623,DP,261.937
fullRandom,93,3233,DP,0.9245
fullRandom,3326,3316,DP,192.542
fullRandom,3944,4228,DP,549.954
fullRandom,3218,470,DP,23.28
fullRandom,2929,143,DP,3.4091
fullRandom,4735,3683,DP,469.904
fullRandom,3542,1256,DP,104.248
fullRandom,2836,3207,DP,171.285
fullRandom,3152,915,DP,31.0134
fullRandom,4380,1729,DP,101.343
fullRandom,4915,3563,DP,459.938
fullRandom,1291,410,DP,6.1207
fullRandom,764,91,DP,0.2746
fullRandom,2826,4205,DP,381.195
fullRandom,3399,1052,DP,93.62
fullRandom,4971,2878,DP,540.237
fullRandom,4041,842,DP,70.9296
fullRandom,672,1562,DP,10.539
fullRandom,3023,1732,DP,107.16
fullRandom,2208,1982,DP,118.117
fullRandom,1031,3237,DP,44.9674
fullRandom,768,359,DP,1.7067
fullRandom,4419,3277,DP,431.119
fullRandom,2578,4590,DP,324.693
fullRandom,2491,4612,DP,364.063
fullRandom,3118,2487,DP,231.604
fullRandom,1678,2825,DP,136.075
fullRandom,1014,2272,DP,52.2042
fullRandom,2477,888,DP,48.6474
fullRandom,3903,3254,DP,380.916
fullRandom,2402,1904,DP,101.472
fullRandom,183,3651,DP,10.248
fullRandom,3075,2175,DP,157.817
fullRandom,1293,1541,DP,32.9758
fullRandom,3973,700,DP,56.9833
fullRandom,1256,4782,DP,196.091
fullRandom,3522,2987,DP,328.976
fullRandom,4565,2194,DP,191.224
fullRandom,3614,2927,DP,170.935
fullRandom,3867,3937,DP,467.149
fullRandom,3267,642,DP,25.8574
fullRandom,444,3318,DP,17.2271
fullRandom,1438,3283,DP,86.7694
fullRandom,4350,2126,DP,138.087
fullRandom,418,2694,DP,11.6571
fullRandom,1852,1110,DP,21.2383
fullRandom,3518,4047,DP,237.719
fullRandom,4822,4257,DP,424.396
fullRandom,416,1134,DP,3.4195
fullRandom,4414,488,DP,22.9025
fullRandom,2518,3858,DP,179.833
fullRandom,3055,4518,DP,277.527
fullRandom,981,4711,DP,69.796
fullRandom,1753,2740,DP,66.1424
fullRandom,2688,221,DP,4.6487
fullRandom,840,69,DP,0.2575
fullRandom,2269,3880,DP,150.648
fullRandom,2607,583,DP,14.9938
fullRandom,4577,599,DP,37.1282
fullRandom,2824,1169,DP,39.2865
fullRandom,3428,1683,DP,78.798
fullRandom,1879,2100,DP,54.6002
fullRandom,2288,735,DP,16.1242
fullRandom,3955,4769,DP,372.743
fullRandom,2281,553,DP,13.798
fullRandom,4538,2180,DP,140.875
fullRandom,2560,2563,DP,89.0262
fullRandom,1081,2054,DP,31.4968
fullRandom,4833,752,DP,41.7728
fullRandom,4173,3570,DP,264.574
fullRandom,1986,650,DP,11.8486
fullRandom,1130,1801,DP,22.3813
fullRandom,1325,4891,DP,95.8513
fullRandom,2290,1643,DP,44.0006
fullRandom,138,4627,DP,3.8983
fullRandom,2499,449,DP,9.7251
fullRandom,731,4516,DP,44.5796
fullRandom,1064,3579,DP,52.3486
fullRandom,1922,3101,DP,91.1448
fullRandom,3794,4036,DP,283.563
fullRandom,467,2427,DP,10.4257
fullRandom,2979,1276,DP,48.2098
fullRandom,1894,680,DP,12.1692
fullRandom,4064,816,DP,41.527
fullRandom,4863,4428,DP,428.889
fullRandom,2246,525,DP,10.2883
fullRandom,2063,1030,DP,22.0649
fullRandom,2111,1957,DP,59.6423
fullRandom,775,4208,DP,44.0442
fullRandom,1310,2511,DP,46.6216
fullRandom,3025,4085,DP,202.049
fullRandom,3585,3281,DP,199.671
fullRandom,692,1608,DP,10.2129
fullRandom,4978,2256,DP,165.007
fullRandom,28,2766,DP,0.1797
fullRandom,2825,3799,DP,187.419
fullRandom,4720,2886,DP,214.144
fullRandom,1973,1429,DP,30.0097
fullRandom,3334,1499,DP,60.2865
fullRandom,247,2552,DP,5.8887
fullRandom,40,2849,DP,0.3059
fullRandom,1344,88,DP,0.5451
fullRandom,1842,3221,DP,97.6209
fullRandom,2311,1136,DP,29.2484
fullRandom,273,1684,DP,3.4249
fullRandom,4399,322,DP,13.5333
fullRandom,233,3707,DP,6.5557
fullRandom,3491,955,DP,36.5532
fullRandom,4597,1366,DP,75.2721
fullRandom,1339,3481,DP,85.0167
fullRandom,2217,3992,DP,134.529
fullRandom,2151,3161,DP,100.176
fullRandom,2592,773,DP,19.1249
fullRandom,3685,3008,DP,172.7
fullRandom,4690,840,DP,44.6532
fullRandom,4540,3109,DP,225.621
fullRandom,293,4344,DP,12.174
fullRandom,4482,4748,DP,491.613
fullRandom,3574,1958,DP,93.7687
fullRandom,2698,2791,DP,109.271
fullRandom,468,4755,DP,24.8288
fullRandom,4547,1335,DP,75.7891
fullRandom,3711,2524,DP,140.075
fullRandom,1510,2333,DP,41.7726
fullRandom,3250,184,DP,4.4252
fullRandom,4188,1650,DP,89.9281
fullRandom,1481,3694,DP,82.7621
fullRandom,4790,4623,DP,470.186
fullRandom,3307,422,DP,18.9691
fullRandom,3012,3323,DP,167.774
fullRandom,3852,1490,DP,78.5508
fullRandom,1055,2832,DP,58.3582
fullRandom,1071,3673,DP,59.5971
fullRandom,2330,2113,DP,72.1371
fullRandom,1123,2658,DP,37.1837
fullRandom,4428,3981,DP,329.936
fullRandom,4481,2628,DP,181.501
fullRandom,2613,3055,DP,132.766
fullRandom,1443,37,DP,0.2479
fullRandom,3616,1464,DP,68.8352
fullRandom,3253,665,DP,19.9799
fullRandom,2879,213,DP,5.3637
fullRandom,3241,3975,DP,218.942
fullRandom,3547,4017,DP,264.85
fullRandom,1414,4972,DP,106.635
fullRandom,376,3184,DP,10.2102
fullRandom,3852,1527,DP,76.4162
fullRandom,2334,3831,DP,156.272
uniformeR,4816,1,DP,0.3707
uniformeR,346,1,DP,0.0243
uniformeR,1362,1,DP,0.1189
uniformeR,519,2,DP,0.0407
uniformeR,824,2,DP,0.098
uniformeR,2440,2,DP,0.3004
uniformeR,4490,3,DP,0.3851
uniformeR,2779,3,DP,0.2297
uniformeR,3089,3,DP,0.3122
uniformeR,643,4,DP,0.0536
uniformeR,4822,4,DP,0.396
uniformeR,4711,4,DP,0.3784
uniformeR,1837,5,DP,0.1322
uniformeR,3129,5,DP,0.308
uniformeR,853,5,DP,0.0591
uniformeR,3652,6,DP,0.3594
uniformeR,552,6,DP,0.0371
uniformeR,1563,6,DP,0.2289
uniformeR,1207,7,DP,0.1621
uniformeR,1016,7,DP,0.0832
uniformeR,2281,7,DP,0.2052
uniformeR,90,8,DP,0.005
uniformeR,2390,8,DP,0.2475
uniformeR,1602,8,DP,0.1984
uniformeR,4243,9,DP,0.4483
uniformeR,3440,9,DP,0.3353
uniformeR,3577,9,DP,0.3352
uniformeR,1419,10,DP,0.1557
uniformeR,2757,10,DP,0.3104
uniformeR,4043,10,DP,0.4597
uniformeR,887,11,DP,0.0904
uniformeR,2161,11,DP,0.253
uniformeR,4259,11,DP,0.495
uniformeR,2334,12,DP,0.2003
uniformeR,2665,12,DP,0.2996
uniformeR,4490,12,DP,0.789
uniformeR,444,13,DP,0.0375
uniformeR,948,13,DP,0.0921
uniformeR,2695,13,DP,0.4676
uniformeR,4690,14,DP,1.0172
uniformeR,2780,14,DP,0.3699
uniformeR,2107,14,DP,0.1919
uniformeR,4773,15,DP,0.766
uniformeR,1254,15,DP,0.1682
uniformeR,374,15,DP,0.0343
uniformeR,2790,16,DP,0.51
uniformeR,2174,16,DP,0.51
uniformeR,4773,16,DP,0.7013
uniformeR,1488,17,DP,0.1823
uniformeR,357,17,DP,0.0333
uniformeR,554,17,DP,0.0517
uniformeR,3648,18,DP,0.7517
uniformeR,2149,18,DP,0.2737
uniformeR,764,18,DP,0.0823
uniformeR,2206,19,DP,0.5742
uniformeR,3661,19,DP,0.3929
uniformeR,1055,19,DP,0.1792
uniformeR,961,20,DP,0.1306
uniformeR,4054,20,DP,0.7263
uniformeR,281,20,DP,0.0277
uniformeR,4414,21,DP,1.1456
uniformeR,3045,21,DP,0.4561
uniformeR,2943,21,DP,0.6504
uniformeR,2730,22,DP,0.411
uniformeR,1260,22,DP,0.2208
uniformeR,2340,22,DP,0.4499
uniformeR,3027,23,DP,0.8268
uniformeR,391,23,DP,0.0397
uniformeR,923,23,DP,0.1094
uniformeR,2490,24,DP,0.3192
uniformeR,1443,24,DP,0.2667
uniformeR,1938,24,DP,0.2585
uniformeR,77,25,DP,0.0072
uniformeR,1950,25,DP,0.3671
uniformeR,43,25,DP,0.0042
uniformeR,1685,26,DP,0.2762
uniformeR,4742,26,DP,1.208
uniformeR,1105,26,DP,0.1965
uniformeR,1252,27,DP,0.157
uniformeR,76,27,DP,0.0083
uniformeR,3575,27,DP,0.9704
uniformeR,2486,28,DP,0.6175
uniformeR,4528,28,DP,1.0684
uniformeR,3229,28,DP,0.8132
uniformeR,4728,29,DP,1.2774
uniformeR,1129,29,DP,0.1598
uniformeR,997,29,DP,0.1845
uniformeR,946,30,DP,0.126
uniformeR,1228,30,DP,0.2061
uniformeR,1522,30,DP,0.2484
uniformeR,3611,50,DP,1.4756
uniformeR,4067,50,DP,2.1072
uniformeR,2359,50,DP,1.1942
uniformeR,876,75,DP,0.3337
uniformeR,2402,75,DP,1.118
uniformeR,2743,75,DP,1.9464
uniformeR,4156,100,DP,3.799
uniformeR,1048,100,DP,0.7722
uniformeR,227,100,DP,0.0912
uniformeR,4022,250,DP,11.9972
uniformeR,4057,250,DP,12.3668
uniformeR,748,250,DP,1.2027
uniformeR,730,500,DP,3.5834
uniformeR,697,500,DP,1.7811
uniformeR,387,500,DP,1.2198
uniforme,1,2422,DP,0.0095
uniforme,1,746,DP,0.0033
uniforme,1,4148,DP,0.0153
uniforme,2,4210,DP,0.0218
uniforme,2,1979,DP,0.0115
uniforme,2,1879,DP,0.0124
uniforme,3,4788,DP,0.0658
uniforme,3,1744,DP,0.0121
uniforme,3,3781,DP,0.0286
uniforme,4,1148,DP,0.0103
uniforme,4,3504,DP,0.0312
uniforme,4,1510,DP,0.0137
uniforme,5,3320,DP,0.038
uniforme,5,4635,DP,0.0557
uniforme,5,754,DP,0.009
uniforme,6,1198,DP,0.0159
uniforme,6,245,DP,0.0035
uniforme,6,4585,DP,0.0666
uniforme,7,778,DP,0.012
uniforme,7,3926,DP,0.1033
uniforme,7,2445,DP,0.0381
uniforme,8,3841,DP,0.0634
uniforme,8,3713,DP,0.0547
uniforme,8,3372,DP,0.0704
uniforme,9,2323,DP,0.0411
uniforme,9,4547,DP,0.0878
uniforme,9,4571,DP,0.1101
uniforme,10,3481,DP,0.074
uniforme,10,4287,DP,0.078
uniforme,10,3434,DP,0.0632
uniforme,11,3274,DP,0.082
uniforme,11,4488,DP,0.1084
uniforme,11,3404,DP,0.0716
uniforme,12,1971,DP,0.0558
uniforme,12,4841,DP,0.1073
uniforme,12,435,DP,0.0113
uniforme,13,4502,DP,0.109
uniforme,13,644,DP,0.0173
uniforme,13,3839,DP,0.1066
uniforme,14,2213,DP,0.0558
uniforme,14,1513,DP,0.0382
uniforme,14,2138,DP,0.0508
uniforme,15,2250,DP,0.097
uniforme,15,3589,DP,0.137
uniforme,15,1599,DP,0.0683
uniforme,16,19,DP,0.0029
uniforme,16,3677,DP,0.1405
uniforme,16,4777,DP,0.1422
uniforme,17,2063,DP,0.0599
uniforme,17,171,DP,0.0135
uniforme,17,1747,DP,0.052
uniforme,18,2267,DP,0.0736
uniforme,18,1527,DP,0.0484
uniforme,18,1822,DP,0.0565
uniforme,19,198,DP,0.0099
uniforme,19,3475,DP,0.1097
uniforme,19,3207,DP,0.1542
uniforme,20,4736,DP,0.2336
uniforme,20,4628,DP,0.2084
uniforme,20,4082,DP,0.2014
uniforme,21,1236,DP,0.099
uniforme,21,4029,DP,0.1682
uniforme,21,4291,DP,0.1651
uniforme,22,4139,DP,0.1626
uniforme,22,2216,DP,0.0878
uniforme,22,377,DP,0.0142
uniforme,23,4336,DP,0.2263
uniforme,23,2887,DP,0.1283
uniforme,23,491,DP,0.0186
uniforme,24,4477,DP,0.2005
uniforme,24,260,DP,0.0123
uniforme,24,3894,DP,0.2124
uniforme,25,4783,DP,0.2248
uniforme,25,494,DP,0.0227
uniforme,25,3128,DP,0.1398
uniforme,26,4285,DP,0.2475
uniforme,26,4408,DP,0.4507
uniforme,26,1399,DP,0.0777
uniforme,27,3778,DP,0.2172
uniforme,27,395,DP,0.0187
uniforme,27,1634,DP,0.0865
uniforme,28,4034,DP,0.2095
uniforme,28,1170,DP,0.0568
uniforme,28,3478,DP,0.2435
uniforme,29,3129,DP,0.1586
uniforme,29,2815,DP,0.1815
uniforme,29,2941,DP,0.1562
uniforme,30,2425,DP,0.1205
uniforme,30,3270,DP,0.2867
uniforme,30,1634,DP,0.1107
uniforme,50,3481,DP,0.3709
uniforme,50,2045,DP,0.1896
uniforme,50,2561,DP,0.4355
uniforme,75,387,DP,0.0497
uniforme,75,699,DP,0.0978
uniforme,75,1750,DP,0.2967
uniforme,100,4303,DP,1.8137
uniforme,100,986,DP,0.2611
uniforme,100,4015,DP,1.6707
uniforme,250,2478,DP,5.5893
uniforme,250,293,DP,0.1219
uniforme,250,2155,DP,4.3567
uniforme,500,434,DP,1.3055
uniforme,500,248,DP,0.5115
uniforme,500,2017,DP,14.7565
muchos,1000,5000,DP,1.7745
muchos,2000,5000,DP,7.1871
muchos,3000,5000,DP,17.2658
muchos,4000,5000,DP,29.4614
muchos,5000,5000,DP,45.2601
muchos,6000,5000,DP,76.6615
muchos,7000,5000,DP,107.925
muchos,8000,5000,DP,128.187
muchos,9000,5000,DP,142.392
muchos,10000,5000,DP,179.952
muchos,11000,5000,DP,212.979
muchos,12000,5000,DP,254.041
muchos,13000,5000,DP,311.904
muchos,14000,5000,DP,351.96
muchos,15000,5000,DP,405.442
pocos,1000,5000,DP,1.9341
pocos,2000,5000,DP,7.407
pocos,3000,5000,DP,17.2105
pocos,4000,5000,DP,33.6343
pocos,5000,5000,DP,44.3924
pocos,6000,5000,DP,66.6784
pocos,7000,5000,DP,87.897
pocos,8000,5000,DP,114.82
pocos,9000,5000,DP,144.383
pocos,10000,5000,DP,178.496
pocos,11000,5000,DP,213.208
pocos,12000,5000,DP,253.393
pocos,13000,5000,DP,290.048
pocos,14000,5000,DP,339.386
pocos,15000,5000,DP,391.04
